{"loss":10.604806065559387,"time":1.9977478981018066,"norm":8.444973945617676,"_timestamp":1.7709414728803108e+09,"_step":35,"_wandb":{"runtime":59},"_runtime":59,"step":35}