{"_timestamp":1.7709413910175009e+09,"_step":1,"_wandb":{"runtime":6},"_runtime":6,"step":1,"loss":10.950998902320862,"time":1.5351731777191162,"norm":1.26331437056e+11}