{"_timestamp":1.7705884211187003e+09,"_step":119,"step":119,"loss":8.667940139770508,"time":0.22574710845947266,"norm":14420.14453125,"_wandb":{"runtime":28},"_runtime":28}