{"_timestamp":1.7705892559633298e+09,"_step":0,"step":0,"loss":10.82577133178711,"time":9.41304063796997,"_wandb":{"runtime":10},"_runtime":10,"norm":20.842403411865234}