{"norm":656963.4375,"_timestamp":1.7705881072258525e+09,"_step":56,"_wandb":{"runtime":14},"_runtime":14,"step":56,"loss":871.6409912109375,"time":0.21484899520874023}