{"_step":58,"step":58,"loss":12.205310821533203,"time":0.21622419357299805,"norm":35874.6796875,"_runtime":14,"_wandb":{"runtime":14},"_timestamp":1.7705881939467943e+09}