{"loss":10.135311126708984,"time":0.22334575653076172,"norm":6954.93701171875,"_timestamp":1.7705891516040692e+09,"_step":54,"_wandb":{"runtime":14},"_runtime":14,"step":54}