{"_step":0,"step":0,"loss":10.825608015060425,"time":2.2010061740875244,"norm":101.31271362304688,"_timestamp":1.7705897778674932e+09,"_wandb":{"runtime":3},"_runtime":3}