{"_runtime":8,"_step":31,"step":31,"loss":10.398908615112305,"time":0.23360109329223633,"norm":19061.400390625,"_timestamp":1.7705884382615023e+09,"_wandb":{"runtime":8}}