{"_runtime":5,"norm":2733.146728515625,"_timestamp":1.7705881616453788e+09,"_step":17,"step":17,"loss":962.6954956054688,"time":0.21844935417175293,"_wandb":{"runtime":5}}