{"_timestamp":1.7693160890714998e+09,"_wandb":{"runtime":133},"_runtime":133,"_step":1,"step":1,"loss":16237.73046875,"time":33.37607932090759,"norm":3.142133e+06}