{"_timestamp":1.7705882850481527e+09,"_wandb":{"runtime":11},"_runtime":11,"_step":43,"step":43,"loss":10.126485824584961,"time":0.21609044075012207,"norm":140.2295379638672}