{"_step":64,"step":64,"loss":9.977099418640137,"time":0.2190098762512207,"norm":6925.15869140625,"_runtime":15,"_wandb":{"runtime":15},"_timestamp":1.7705882653896525e+09}