{"_step":59,"step":59,"loss":10.37276816368103,"_wandb":{"runtime":101},"_runtime":101,"time":1.537628173828125,"norm":5.422757148742676,"_timestamp":1.770941215647438e+09}