{"loss":883.5191040039062,"_runtime":10,"_wandb":{"runtime":10},"time":0.21948480606079102,"norm":384806.03125,"_timestamp":1.770588132701186e+09,"_step":41,"step":41}