{"loss":10.192540168762207,"time":0.22004294395446777,"norm":5208.87890625,"_timestamp":1.7705890587379394e+09,"_step":70,"step":70,"_wandb":{"runtime":17},"_runtime":17}