{"norm":3.0934128761291504,"_timestamp":1.7709415286575494e+09,"_runtime":31,"_wandb":{"runtime":31},"_step":16,"step":16,"loss":10.717682957649231,"time":1.6626415252685547}