{"step":80,"loss":9.495159149169922,"_wandb":{"runtime":19},"_runtime":19,"time":0.22253680229187012,"norm":1308.260498046875,"_timestamp":1.770588992396123e+09,"_step":80}