{"_runtime":45,"loss":10.6591477394104,"time":1.5837225914001465,"norm":5.717804908752441,"_timestamp":1.770941643158017e+09,"_step":25,"step":25,"_wandb":{"runtime":45}}