{"_timestamp":1.7709418608425424e+09,"_step":54,"step":54,"loss":10.569040894508362,"_wandb":{"runtime":91},"_runtime":91,"time":1.6166439056396484,"norm":11.800328254699707}