{"_wandb":{"runtime":8},"_runtime":8,"norm":3.4423640064e+10,"_timestamp":1.7709412418762672e+09,"_step":2,"step":2,"loss":10.825766444206238,"time":1.4966695308685303}