{"_wandb":{"runtime":135},"_runtime":135,"_timestamp":1.770588029650325e+09,"_step":0,"step":0,"loss":15487.103515625,"time":89.8971815109253,"norm":2.4523666e+07}